std_dev_ch1,std_dev_ch2,rms_ch1,rms_ch2,min_ch1,min_ch2,max_ch1,max_ch2,zero_crossings_ch1,zero_crossings_ch2,avg_amp_change_ch1,avg_amp_change_ch2,amp_first_burst_ch1,amp_first_burst_ch2,mean_abs_value_ch1,mean_abs_value_ch2,wave_form_length_ch1,wave_form_length_ch2,willison_amp_ch1,willison_amp_ch2,classification
10.08569191897798,9.774972933518292,10.098005131460777,9.785726355441119,-17.67583994,-16.75075077,16.790813322584977,15.903251841469876,4,4,1.561708304431824,1.5136077865835451,0.00196799,0.001007995,8.329440053,8.160705212029928,106.19616470136404,102.92532948768107,62,61,1
9.526788636568414,9.012518900780078,9.646644212569027,9.151592776847156,-13.10848766,-12.86035931,17.10167138991916,15.92052112032533,2,2,1.5082363453764684,1.4528700503006202,-0.002483988,-0.003613073,8.231334421391562,7.824310152832754,81.44476265,78.45498271623349,50,50,1
7.426329125839294,7.202624347116339,7.747541308460406,7.507349014682746,-14.782063,-14.77651416,10.234985351893696,10.015076841924706,3,3,1.417223212773571,1.3627637326712896,-0.005502409,-0.00520132,6.505376779153777,6.231766781118956,76.53005348977284,73.58924156424963,50,53,1
9.812126578227545,9.53061814,9.850745271644222,9.559907741455216,-12.53481044,-11.75398979,19.562519476097282,19.020092008183774,3,3,1.4190707367176498,1.360099125188727,0.001942027,0.001377484,7.766200779,7.553310999585593,76.62981978275309,73.44535276019127,48,49,1
8.795398863207927,8.616391697264959,8.798616106531549,8.623597085961023,-11.96909341,-11.76760612,15.927769324124453,15.622865428853789,2,2,1.234832844337474,1.230534261,-0.001528029,-0.002431297,7.407796564279669,7.303763691618951,66.68097359,66.44885007794635,49,52,1
10.581401131156232,8.576184543781636,10.620785415800743,8.596675786955396,-18.95174017,-12.16061837,19.65624845267534,17.250379729108186,3,3,1.3687480160762862,1.1348241035424305,-0.057577974,-0.004505588,9.009553404529353,7.252194311276117,104.02484922179775,86.24663186922471,76,73,2
8.165625747569882,7.940578936550385,8.182212557713452,7.970625260525056,-10.82537114,-10.85849866,15.529081917256889,14.748711898202357,3,3,1.2270059156888906,1.1959731522607453,0.000940904,0.000368835,6.677583558244106,6.579222273430652,66.25831945,64.58255022208024,47,46,1
6.381596940003121,5.9459629741689595,6.415615447208828,5.993481781227893,-11.86580075,-10.94245248,8.970861777012304,9.106333783007692,2,2,0.9747788212729046,0.9163226749954675,0.005276592,0.00498303,5.454500872735302,5.0653104416173145,52.638056348736846,49.481424449755245,52,51,1
5.994509094198271,5.467963935918888,6.021733487226421,5.505412369805815,-13.87599821,-12.63707047,8.644570948779348,8.364979884617558,2,2,0.7664964426533615,0.7356790646414831,0.002251745,0.001994258,4.668246834427576,4.230591682641234,62.08621185492228,59.59000423596014,73,71,1
6.741053643049425,6.3681865756575995,6.7978225606543985,6.414466689687367,-13.47538446,-14.06273798,10.40371654869159,8.450097189625733,5,6,1.1938434890442973,0.9684796831057968,-0.019390769,0.000458754,5.638445406788061,4.909060234708633,87.1505747,70.69901686672317,71,62,1
5.659153543083395,5.3810365950437555,5.666418682573878,5.387346469156673,-10.14885501,-10.38874734,12.538626903497143,11.612710680605382,5,5,0.8808364781179925,0.8448760604092274,0.000476098,0.000615822,4.357765042550024,4.123186672692601,69.58608177,66.74520877232897,73,73,1
6.7108371186618445,6.227448234792448,6.750869528007078,6.265844521193926,-6.694606227,-7.632167311,15.900359825786122,14.400539439385309,2,3,0.8521063829105704,0.832686808,-0.020901302,7.272936860624493e-05,5.246823973025752,4.752625809844696,62.203765952471635,60.78613701686672,67,67,1
7.331901367694285,7.302097569979242,7.446646641114728,7.404877856763364,-14.92813333,-14.86745131,10.122358902687626,9.731378803827647,3,3,1.0674319255966058,1.0480564531145817,-0.001799009,-0.001505447,5.740415214167569,5.733739931505071,57.64132398221672,56.595048468187414,50,45,2
6.968200595170734,6.557299455,7.086283324422875,6.694958049170532,-11.76440013,-10.90162553,12.72036017532418,12.296286630466554,2,3,1.0568009442183892,1.0244878290662367,0.00441096,0.004207725,5.770536987832423,5.4181612851226095,57.06725098779302,55.322342769576785,51,51,1
4.035082169404642,3.9579257353191672,4.120324231152185,4.035713754702627,-8.933579605,-8.788596479,4.796445387237763,4.481407131874251,3,3,0.6201102539393613,0.6071361012258071,0.004603943,0.004832355,3.1463279330216842,3.0854456621947683,35.346284474543594,34.60675777,52,52,1
9.270761517310037,4.464212645615398,9.534542250406181,4.872753133,-24.75210617,-6.976744674,11.626251527812595,7.022088807397812,5,3,1.424419779368919,0.703582707,-0.079430283,-0.002503095,6.543793955757088,4.267732992,91.16286587961082,45.02929326731168,61,53,1
7.8132332023599105,5.583039378113678,7.818945357010051,5.583339237140642,-18.51734178,-11.65656776,13.095654068936454,7.637918213,3,4,1.182243085424109,0.5646204187207678,-0.079668729,0.002214889,6.226339825726238,4.334828808971868,93.39720374850462,44.60501307894066,77,67,1
6.037204981359917,6.3586043126315115,6.071494094911802,6.3882078185790565,-9.484328869,-10.14626198,9.642264202804329,9.712289642124757,3,3,0.5852813849082557,0.5881279466203218,-0.00353176,-0.00404798,5.1336763313192835,5.380046907470074,46.82251079266045,47.05023572962574,73,74,1
3.8134397829361553,3.6547594617854053,3.964379071936687,3.8131032278319963,-6.6917431,-5.915645331,6.823730653796759,6.814784794940661,3,3,0.5198806983118096,0.48900414345690796,0.002199028,0.002408715,3.364886921317428,3.2384753530478556,39.51093307169753,37.1643149,69,67,1
2.6893038594183145,2.572592596698241,2.6900024327880665,2.5771531194768063,-5.510965148,-5.10099219,3.2347533229931345,3.050474671582088,3,3,0.419337369,0.38129486138112056,0.001899216,0.002142439,2.2163510508181625,2.1303023481020458,33.12765216532452,30.122294049108525,63,63,2
3.1138440914410275,2.906577047,3.1743999097978226,2.9630681355840722,-6.031529482,-5.858385692,5.9343012521276615,5.382683503258506,6,6,0.5125050878054079,0.47170296093554914,-0.001011995,-0.000741107,2.379296274606854,2.2136390681236957,41.00040702443263,37.73623687484393,67,62,1
4.978620735639946,3.481029923185155,5.226975137276915,3.749678905773642,-11.1123348,-6.319906353,8.371867977090481,5.658043539240779,3,3,0.8122990414407388,0.5414401810417063,-0.04161554,-0.000530617,4.378276702181964,3.1211770332472404,56.86093290085172,37.90081267291944,65,59,1
2.2355225534613896,1.8032628894993277,2.413024266645954,2.092411871196956,-4.870994729,-4.479415062,2.9805519279331465,1.907220083687997,3,4,0.4214674611396188,0.35610975925859767,0.00106134,0,1.9446548199098275,1.6158045506995402,22.759242901539416,19.229926999964274,46,43,1
2.8451920938914532,2.5168356419640006,3.282193629691504,3.0399035502326672,-7.381428551,-7.135241661,3.024288721,1.8571414289852939,4,4,0.5687735219702167,0.5016579524643222,0.001226939,0.001031231,2.526583893861718,2.2395525380275134,30.713770186391702,27.089529433073398,47,43,1
7.100351723499191,7.312744173721096,7.103204988,7.319152615245149,-13.59157088,-13.05982193,9.377482254886054,10.300785274728371,1,1,0.6443523006934484,0.6105846765233377,0.003431825,0.003900296,5.963305035791587,6.213924325696456,48.32642255200863,45.79385073925033,66,68,1
292.9297382209354,3.2002605820059973,293.6739078779822,3.2187109069222495,-286.0047423,-5.649872688,749.0416290722513,5.824501421976662,1,3,40.602172084030066,0.5575006745162233,2.848975781239512,0.003530273,221.46658530473297,2.6230892023604238,2192.5172925376237,30.10503642387606,54,49,1
3.091113631274494,3.121962445530314,3.1563187515164897,3.1974741937265625,-6.401648247,-6.288585257,6.197186793358752,5.998482907513068,2,4,0.46498362584597774,0.4430321402446853,-0.002880972,-0.002756205,2.5055589443085595,2.551821450034753,33.47882106,31.89831409761734,62,58,2
30.02598753026975,29.808500010718074,30.149226136600596,29.936438106517638,-52.5738365,-51.92757087,35.017723361981595,34.26054195759142,1,1,2.138961256442387,2.095063664532709,-0.018680259,-0.018545989,26.327826406969795,26.238204573409824,156.14417172029425,152.93964751088777,71,70,1
7.3483294778227375,7.384439956160238,7.436081454520973,7.4751952125497105,-11.02950774,-11.10953568,12.258656087185653,12.297483698352265,1,1,0.6580252738548727,0.6606830903595828,-0.002965731,-0.003010894,6.205586263743259,6.227083626149579,35.53336478816313,35.676886879417474,50,50,1
3.4408665795731377,3.3938476923811023,3.461618806,3.4127181814019507,-6.934910988,-6.784113989,4.915410567670187,4.913464819884708,4,4,0.5096964574698518,0.5029615248674439,-0.001144583,-0.001132406,2.7924930421467797,2.758642448,34.149662650480074,33.698422166118746,59,59,1
13.954566811140229,13.927311546640977,14.057223584786719,14.034120729994957,-22.12015643,-22.23989312,22.003084028324405,21.931175528869666,3,3,1.1723664859602594,1.1742665271200303,-0.003690496,-0.003607696,11.54064683107848,11.516536503019221,80.89328753,81.02439037,62,62,1
9.128419724301477,9.196194722411542,9.291114370764127,9.359626782830265,-22.17030837,-22.29993406,10.845545800630878,10.953835383166927,6,6,1.2802751281473843,1.2921344696415247,0.00135948,0.001409831,6.590397974,6.641535866633594,93.46008435475906,94.32581628,67,67,1
5.252052290885979,5.310779565054257,5.291544346616317,5.349126523413104,-12.27733207,-12.35650346,5.046047700259051,5.361428024784047,2,2,0.5980885124867563,0.6032268821308661,0.002326552,0.002419847,4.086649975676979,4.138509245326592,41.86619587407294,42.22588174916062,63,59,1
11.030102688808725,4.807003350411312,11.036009535531903,4.874388708841923,-29.2847669,-8.307006555,19.26511803845358,8.791446499,3,3,1.6323276442133186,0.622049788,-0.118234545,0.004417794,7.852261023124361,4.066561978042299,122.4245733159989,46.65373409,70,71,2
332.8391984588722,4.038277568180566,333.6782635881077,4.056458867682128,-329.59295,-6.689631781,851.6036857999504,7.150088202680128,1,2,46.42270417652654,0.5574823686828657,3.2529098119475535,0.000767778,251.06451515569032,3.206747422211395,2506.826025532433,30.104047908874747,54,47,1
8.604069034860917,8.555676842,8.662082689028106,8.629546908290738,-14.68884755,-13.74791437,12.94866268083983,13.14256707182683,1,1,0.6856957267208404,0.6534076615956314,0.004871197,0.005215299,7.470375925652915,7.451786351817487,52.11287523078387,49.65898228126798,68,66,1
7.071372078266602,6.605777562609174,7.076911761235501,6.612982703,-11.7028485,-10.9198618,9.143680077840754,8.658493280714705,3,3,0.9820270620408703,0.937839643,0.004978456,0.004664027,6.254255748394485,5.833940642,76.59811083918788,73.15149219033366,73,74,1
5.133899762016642,757.7864983,5.180691403458326,758.4670234449691,-9.549311256,-778.6429718,7.476042914500257,2315.8480370508028,3,2,0.7057550553299411,96.95569002688752,0.001906569,-0.12164458,4.491098118124827,504.7758135721838,52.93162914974558,7271.676752016564,65,75,1
67.19165680329004,6.6509991901968695,67.23632810021905,6.696209682144415,-63.21857413,-11.62134521,199.82656810445135,11.66846752747092,4,3,9.820415006828364,0.7850830039826705,-0.099295366,-0.005877605,45.727115187136256,5.458675304562158,687.4290504779855,54.955810278786934,70,67,1
5.494305636,5.264599564362072,5.515512902,5.285464113406771,-7.394928105,-7.044313193,12.201140012638886,11.933428256991375,4,4,0.7032055058574823,0.6739893891080362,-0.000964179,-0.000849785,4.212945943473704,3.984465332,52.74041293931118,50.54920418310272,67,67,1
7.115568831862522,3.905937596354711,7.124207508962484,3.9071615916790883,-18.25959247,-7.293435106,8.412998993,5.453362073807376,4,4,1.2275845936332945,0.5917080266149878,-0.08195385,-0.000455398,5.705519633011734,3.3156440975239656,84.70333696069733,40.82785383643416,65,63,2
5.1120786237646145,4.777724706936482,5.161369682701992,4.829561001,-8.454034987,-7.740261092,9.809831797565877,9.187534143279146,3,3,0.7557294943239173,0.705065005,-0.004052515,-0.003766798,4.0911934515231305,3.8847940573138913,52.90106460267421,49.35455035,65,63,1
3.0579482500007065,2.797847642250264,3.059493929690943,2.7993111526944228,-3.933161396,-3.658598626,5.503868630762712,5.0249793949459045,2,2,0.4459090777516296,0.4049110984264825,-0.000459161,-0.000895741,2.5879956219952263,2.373302402058718,24.0790902,21.865199315030054,46,48,1
4.294315673574984,4.137581219115739,4.427180504754033,4.277297293371694,-6.707064766,-6.503727065,7.378762852807653,7.569756335,1,1,0.3470113609090254,0.3311816683405112,-0.002399065,-0.001958529,4.010193658301978,3.8409441091202345,26.719874789994954,25.500988462219365,58,54,1
12.742843625764817,5.061140503574445,12.783461769415101,5.100209286789943,-36.22589954,-8.851445363,12.32948320258819,7.309329862,3,1,1.206103660901015,0.3845201874533789,-0.125575792,-0.002924869,8.578623808955593,4.369255596836076,91.66387822847713,29.223534246456797,66,63,1
16.79636896337712,5.557203682796549,16.83364638862498,5.581115701424462,-47.62545017,-8.882161133,15.175100054353559,8.167490090407348,3,1,1.8939949288731017,0.42819905018034904,-0.166506571,-0.00343675,11.89851041984199,4.910792897852814,136.36763487886333,30.83033161298513,67,66,1
18.31390498251598,8.437807001239017,18.433102827058452,8.560603197,-50.11633474,-12.0529883,19.55114257070524,14.076798067526747,3,1,1.8814899603970627,0.5505938422691767,-0.167884673,-0.004389512,12.401902748980774,7.387088484889083,135.46727714858852,39.64275664338073,63,58,1
5.608904874469125,5.5080027760953865,5.757271292154136,5.670816740006976,-10.38678496,-10.37959797,8.060089209448861,8.369460261,1,1,0.46497433186218134,0.4697284277801461,-0.005250545,-0.005493687,4.9521654,4.799452682342649,28.828408575455242,29.12316252236906,60,60,2
6.883761513699833,6.740313483225997,6.906869409145115,6.764700768134838,-13.38803634,-13.32388024,8.521615805058692,8.098551580905326,3,3,0.5696631377460325,0.5499761169286621,-0.004587097,-0.004371818,5.464601877102302,5.348286831405711,42.15507219320641,40.698232652720996,68,67,1
4.4292401672589925,4.287417949893478,4.609884694965794,4.436330242896966,-7.836682322,-7.494575454,8.747397084698955,8.062597718358042,3,3,0.7708680924343186,0.7269981808357656,-0.004666248,-0.0051855,3.8530959000338054,3.7170326927420847,44.71034936119048,42.16589448847441,56,55,1
3.160504081890847,2.7940581351611136,3.1606640726659174,2.7948105845148286,-6.461666628,-5.417117889,4.267604980358012,3.7835291915001865,3,3,0.39413438607496065,0.32238544164604716,0.00196419,0.00192279,2.6828033577515815,2.409965194132433,35.07796036,28.692304306498198,78,76,1
3.9135481726952657,3.7182905130318176,3.940680472749441,3.7411415444348344,-6.48649234,-5.421836369,7.545088161081838,7.213118079823225,1,1,0.3950149921787605,0.33363984526164003,-9.86E-05,-0.000289141,3.0675603692819213,3.062555824192133,24.490929515083153,20.685670406221682,50,45,1
3.1817231439256908,2.8083225010483903,3.188838956225352,2.820344585217011,-4.537163112,-3.979936181,5.874261313749991,5.127035223663018,2,3,0.5093520900060651,0.47456875500944196,-0.004207725,-0.003695873,2.702821097805938,2.376154971238537,27.50501286032751,25.626712770509865,50,50,1
2.4793889414359227,2.5570976119113586,2.5328647447361448,2.5999416219182674,-6.195099159,-6.025143866,5.1034322327410475,4.615280227521053,4,4,0.4021405338776628,0.36515909209143976,-0.000460573,-0.000445048,1.9929882346160857,2.0822747016846583,31.76910217633536,28.84756827522374,65,67,1
3.0310977375592247,2.970716970309344,3.0390619401110808,2.972614300653711,-5.763739769,-5.414811295,5.5304366002055305,5.352849438418032,3,3,0.45751294964531924,0.4397425459433958,-0.001492725,-0.000932953,2.4908077122671766,2.452400175770167,32.02590647517235,30.781978216037704,60,61,2
3.2939652158060007,3.328571438907365,3.3033019283541987,3.3403541622280595,-6.899797093,-7.18051343,4.481661892182001,4.6869742339751665,4,4,0.5464149604493227,0.5211594503290222,-0.000398473,-2.59E-05,2.764084127847265,2.768995863969874,43.16678187549649,41.17159657599275,68,68,1
4.397081958698939,4.4804446599697405,4.415606404,4.496672853830996,-7.890891329,-8.077632446,8.736438993038949,8.696237461160242,4,4,0.45711223026597275,0.45690615825135344,0.002311489,0.002374738,3.2720310194129234,3.329419125623278,32.454968348884066,32.440337235846094,65,64,1
5.389747477180727,5.345221636819054,5.391524897250082,5.348955282319009,-7.993062367,-7.956691837,9.759892602843438,9.613025940699012,2,2,0.7440032461280323,0.7408537998802278,-0.001655992,-0.002009772,4.483102166798835,4.458602575723494,40.17617529091374,40.00610519,49,50,1
5.6509995988979105,5.569372937291732,5.752396350540358,5.673864443,-10.30517345,-10.43217385,8.355853368671102,8.266493103251438,3,3,0.5940640485581234,0.5965487434332929,-0.003888224,-0.003720387,4.733263842702017,4.629751126769132,43.36667554474301,43.548058270630385,67,68,1
2.7417583718415135,2.685439523100919,2.768761604134913,2.7153048753676785,-5.386573223,-5.422828686,4.845127306188862,4.765514304724333,3,3,0.36063878560900375,0.37098206417131147,9.741128102918342e-05,6.0882050643180805e-06,2.209311851847385,2.169885797593793,24.162798635803252,24.85579829947787,57,57,2
3.9126435782544946,3.961497320902992,3.9255415543417578,3.969707982400794,-6.991186026,-7.075620575,6.579293952411163,6.574128404287911,3,4,0.6325484933580352,0.6355896688503175,8.032795935613568e-05,-2.47E-05,3.2504774067133693,3.2900166375518527,41.74820056163032,41.94891814412096,58,57,1
2.774919485001451,2.735304070218235,2.807572351891955,2.7762098466821445,-6.845399042,-6.779454397,3.3272930212148193,3.2470161100626047,5,5,0.43106898215930994,0.43606471619129167,-0.000703298,-0.000887851,2.2270857568506184,2.1916604969284035,35.347656537063415,35.757306727685915,67,70,1
3.6300592779905814,3.651896353887139,3.646450081057451,3.6666869381791245,-5.466779321,-5.272204063,7.142008381249068,7.245319459773526,3,3,0.5824358182248628,0.5808755532143052,0.001799009,0.001926972,2.879710161600175,2.8925211352190563,31.451534184142588,31.367279873572482,47,47,1
5.281042934347717,5.0629563792230226,5.515814695208848,5.288710336545846,-7.608285539,-8.362278106,11.507010886967828,11.130136430507406,3,3,0.9751593152587265,0.9419470941908039,0.003214129,0.003311984,4.461275632437174,4.2624658056097955,52.65860302397123,50.86514308630341,52,51,1
5.3457154136765945,5.378303638778667,5.442111263708622,5.471720084576972,-10.64931492,-10.67610785,9.021643911719504,8.625335836,5,5,0.9561216436666601,0.9662381779826286,-0.000464349,-0.000481133,4.397766292754825,4.451352539406149,69.79687998766619,70.53538699273189,68,68,1
4.727306570471631,4.597717990943544,4.736296751210914,4.605228865837856,-6.624609405,-6.627318627,8.232286388293884,8.397277170633236,4,4,0.7521050816808063,0.7184045178428237,0.002140961,0.002460331,4.085664314142628,3.9423226724789515,51.89525063597563,49.56991173115483,62,63,1
6.255822309,6.502281089623361,6.315382554294754,6.548585278843015,-10.37084187,-10.92400081,9.608765993664864,9.588137091,3,3,0.9772986297369425,1.00608717,0.001809762,0.001413507,5.380443052556585,5.589664812922377,67.43360545184903,69.42001471672094,66,63,1
5.966970793123153,5.852881112372888,5.972119996,5.856111798843177,-6.563305411,-6.772031114,13.41226604,13.036149592612047,2,2,0.6877973665242574,0.6661634419263952,-0.005498592,-0.005107918,4.800055650812368,4.727805509224869,48.14581565669802,46.63144093484767,60,62,1
5.337817711351653,5.075838886421347,5.341664852129601,5.102423946,-9.322292618,-8.883790919,10.505737681899813,9.584435363652435,3,3,0.7402628074733406,0.7237680220032516,0.00208799,0.00200399,4.282116357554892,4.149840905676589,50.33787090818716,49.216225496221114,63,64,2
14.752928840328105,14.585823365353804,15.25587444,15.089174498901981,-22.64096233,-23.02117435,28.57585005168313,28.158660181729037,1,1,1.4698167698245304,1.4462443304102064,0.00975133,0.009393278,12.653970332410752,12.540055805828468,107.29662419719071,105.57583611994507,70,71,1
8.153464799522489,8.298880852846931,8.277030731,8.427049752429172,-14.45997192,-14.60620862,14.466900615576908,14.928512165480186,3,3,1.2039819129993727,1.217778721531562,0.002528147,0.002461908,6.990375710198543,7.125659507579333,89.09466156195359,90.11562539333559,71,71,1
7.9885315499958685,8.358852316306095,8.025354827318031,8.403914178403229,-12.10345925,-12.38644915,14.431968427559458,15.562485774226007,3,3,1.0517115020444607,1.0690124717578076,0.003137055,0.003516067,6.798628629635677,7.065370441245396,73.61980514311225,74.83087302304652,66,65,1
4.832259619865455,4.740565962,5.000563433014482,4.921986921783143,-8.497862268,-8.510915467,8.641782065722623,8.45837047,5,5,0.7993131784445848,0.7809811171411449,0.002444289,0.002795904,4.026700388,3.971729812381161,57.55054884801011,56.23064043416244,66,68,1
14.994326824564757,4.910191340436882,14.996399131830644,4.997848055553039,-42.08543377,-9.646373649,18.146851362507256,9.033915435469272,3,2,2.1547659751871455,0.6867350390910147,-0.162576426,0.000839338,11.031722060592525,3.971380516873184,155.14315021347448,49.44492281455306,71,63,1
6.324124576771047,6.113086339119475,6.359623873636812,6.149550274612107,-9.617530437,-9.320247515,11.397420219569078,10.931084589698164,2,2,0.9305866217706922,0.8915994269974421,-0.002928095,-0.002943149,5.356520382034037,5.175674618,50.25167757561738,48.146369057861875,51,51,2
4.269341112577563,4.186553867119749,4.336361680824355,4.252369743015836,-8.742845455,-8.820310549,8.355211197326238,7.9901632727543666,7,7,0.7737602798156614,0.771851804,-0.001607602,-0.001376409,3.3232256982871564,3.260924164399473,58.80578126599027,58.660737066407584,67,67,1
4.437125715583606,3.8113217080544444,4.439898713,3.811339714466507,-8.49401541,-7.124613039,5.817465085431191,5.3874312635778985,3,3,0.6400166212428223,0.5494967713684801,-0.001686101,-0.001505447,3.593340130133966,3.1197299173463224,34.560897547112404,29.672825653897924,45,45,1
3.9983951254506027,3.3961986332213994,4.033519503,3.4290856243054306,-7.16791925,-6.164509623,7.568488701200055,6.508822380366928,4,4,0.6515211850159895,0.5653763038017972,0.00152498,0.001661232,3.184863706379315,2.6544586318086574,50.81865243124718,44.099351696540175,68,67,1
5.257769910605756,410.24289945992786,5.2579770174852225,410.65688356400506,-6.022977145,-412.3566293,11.925012174371938,1203.1503527028792,4,2,0.7207657635816856,52.05755532395527,-0.000530617,-0.067720734,4.082763639367974,284.24313933190746,50.45360345071799,3644.028872676869,60,70,1
5.536612931508705,4.731700492390445,5.5595737995576515,4.764466103185257,-7.859509344,-6.94791633,10.026690729447903,8.414917534249923,2,2,0.8255395095712925,0.7213255175169243,-0.002130208,-0.00220548,4.717750123748028,4.064196286883535,44.579133516849794,38.95157794591391,49,49,1
4.991551840203137,4.416507385348557,5.058345792,4.468651174,-8.038632777,-7.004729052,9.342393245826763,8.403183176240582,3,3,0.7493280295436144,0.6537489049362548,0.001655992,0.001460284,3.9987410389713705,3.492102678676178,40.46371359535518,35.30244086655776,48,47,1
4.782272008241647,4.522130433769817,4.800390612,4.535009565592812,-7.96210127,-6.995269372,8.851865312660633,8.478309747572576,3,3,0.7154236067325948,0.6524593783767203,-0.000866127,-0.001051337,4.113954403984599,3.918414620234047,53.6567705,48.93445337825402,68,69,2
3.9947197014245432,3.5033087570692083,4.029826180469983,3.5415276900993895,-9.467288438,-8.430327078,6.151170257992033,5.352609909054971,6,6,0.5919538208332533,0.51878253,0.001748597,0.00147623,2.9200962345414148,2.5283753812800316,44.39653656,38.908689782604824,69,66,1
6.597089883769766,5.790824478526427,6.703636912085578,5.902203636981453,-11.57197539,-10.3573846,12.423796096443418,10.86368015,4,4,1.1683388559414694,1.0288404646993434,-0.004183233,-0.0038681,5.3981321406682605,4.717069413381367,77.11036449213698,67.90347067015666,63,62,1
5.506991969158433,4.831485938,5.591000403214065,4.897843077108076,-10.07069612,-8.661032508,12.68241953552087,11.29888051,7,7,0.9750194829928208,0.860384257,0.002258171,0.001973211,4.116333394027049,3.586609659498009,74.10148070745439,65.38920355871377,69,69,1
6.0233196817772345,5.293771739809162,6.061701119543316,5.322502533018515,-9.087188334,-7.563666263,13.048361681324264,11.580343252670163,3,3,0.9688375379671658,0.8444433365310875,0.004163979,0.003317984,4.782386078739369,4.215311119943837,65.88095258176727,57.42214688411395,63,62,1
6.3175976125231506,5.547122814471874,6.335239960089123,5.561294549318819,-6.704372485,-5.851258939,15.134041842488227,13.304807155647666,4,4,0.9074832762879991,0.7893567756470462,-0.002535029,-0.002535029,4.774277192494704,4.195253981030974,65.33879589273593,56.833687846587324,66,66,1
6.190053958540343,5.457308142369217,6.305738299758138,5.560146046,-12.19823315,-10.88775896,9.980169222449785,8.781785091478643,4,4,1.0843322613047028,0.9602339911262155,0.002661415,0.002437988,5.065625767033523,4.451374388927204,67.22860020089158,59.53450744982536,57,56,1
18.10100027189138,4.880404225120397,18.185480690021695,4.948386339798966,-52.08314626,-11.64763056,17.566808818627027,6.612905608891181,3,4,2.622935752287704,0.7502613355556739,-0.20269675,0.001661586,12.68342766,3.6178711617615766,191.47430991700242,54.76907749556419,72,67,2
6.040461488126039,5.488479745579313,6.130394110428277,5.567794255879332,-11.61384878,-10.60753501,10.138119014727494,9.041833736,3,3,1.0238613685321143,0.9224734258917118,0.001912017,0.001955596,5.059709548740834,4.631333404761537,76.78960263990858,69.18550694187839,69,68,1
0.5236159648720647,0.8240531559458191,0.5239661638090723,0.8326277845429662,-0.964399615,-1.61251389,0.7718008441226647,1.2280911249629844,3,1,0.085901976,0.07898249,-0.000703139,-0.001011995,0.45186573981942013,0.677174839,5.325922485918891,4.896914370108716,26,23,1
0.4497889338813145,0.5292083556239907,0.4796933538740249,0.5671542470861551,-0.961329198,-1.156076788,0.6662892349540224,0.6498467444723935,3,3,0.085359978,0.096087265,-0.000316144,-0.000662397,0.395036023,0.4644318699573935,4.609438806015722,5.188712311316568,21,27,1
0.7992869163235409,1.315910922929019,0.8144184141078596,1.336905996548658,-1.757588656,-2.554810872,0.6774930860219921,1.2177919246176607,1,1,0.086536392,0.12316599413095843,-0.000715087,-0.000760251,0.6564453875789453,1.1348041957244805,4.672965147026567,6.650963683071755,20,27,1
1.2064667960280697,0.8833813096009416,1.2224015891869826,0.8994007511869807,-2.265052477,-1.096052264,1.7428738837840074,1.6115325505722105,3,1,0.10003950421054206,0.079113703,-0.000513357,-0.000529917,0.9554719605074857,0.7611143592420162,7.402923311580112,5.854414008203936,33,28,1
1.0873557022090512,1.2607274374666984,1.1154112608845455,1.2793298229647834,-2.33196915,-2.331051311,1.3196402916461114,1.3074586119645224,1,1,0.081345983,0.086338775,-0.000827996,-0.000734156,0.9016906370798597,1.1036570594047097,6.019602737862947,6.389069352903903,23,30,1
0.5810816730699554,0.5978822308120807,0.5817755594178565,0.6301964938443846,-1.118264688,-1.195381871,0.9283337700622659,1.2226719416163143,2,3,0.08301464,0.10398250413054871,8.279958887479649e-05,-0.000722615,0.4570852799519733,0.5060360205868781,4.482790582706817,5.615055223,20,32,2
1.000533127086613,1.4666039162928106,1.0019419515622765,1.4902739599171886,-2.120842388,-2.342920604,1.735367010204077,1.918919373995335,3,1,0.1301793002901741,0.10412567505833853,4.0249800147475425e-05,-0.000494498,0.8055962926991657,1.3466048577042713,9.242730320602362,7.392922929142036,34,30,1
5.604611445,5.436718561981108,5.650956653362215,5.4756921760390584,-11.21583772,-10.90048616,8.635025645097505,8.192180093,3,3,0.860128343,0.814406668,-0.002499042,-0.001919445,4.351002508338674,4.183055018051223,46.44693051791852,43.97796007791074,49,48,1
4.977336099774301,4.635282936423715,5.044709687,4.702265859250598,-11.02147416,-10.42051497,8.471302081108549,7.667046187216401,5,5,0.7106218647781779,0.6741347692502493,-0.003455983,-0.003449983,3.689059988333277,3.4569299232013644,48.3222868,45.84116430901695,60,61,1
5.493402412152582,5.322175504909725,5.540191507191274,5.365581088,-11.49311575,-11.02301454,9.534077489807675,9.095741596773925,3,3,0.7819930102629467,0.7535322808823751,8.688845746120969e-05,0.000183999,4.604286767479863,4.47978312,62.55944082103573,60.28258247059001,69,68,1
6.2102666149360815,4.581156304957395,6.230180799327174,4.590623883474598,-12.12403514,-9.518300114,9.310902725,7.749991226,3,3,0.9362810566030197,0.6390161495044908,-0.04454268,-0.00377846,5.288427039476603,3.619520089714676,65.53967396221138,44.73113046531436,67,61,1
8.047462348766325,7.973116703423288,8.086478732697852,8.002981434774492,-12.09139426,-12.13732353,13.808301814510598,13.378287789150772,2,2,0.9604493285084368,0.9487127302377325,-0.001896863,-0.002130208,6.679883986638563,6.6470690700204775,51.86426373945559,51.230487432837556,51,50,1
4.526196049,4.2629416512973295,4.707670045524208,4.452647331415682,-6.178881436,-5.563671206,9.806905574438025,9.289175833943315,3,3,0.75974559,0.7172955640874967,0.002310861,0.001926972,3.6839886945547997,3.476180890704272,41.02626188129301,38.73396046072482,51,48,2
6.299538616,3.9488879840553275,6.363751612,4.009501225927714,-14.75546109,-9.578271432,8.946103904305236,6.5975337388183535,5,4,1.1410252161477297,0.5960162120205262,-0.059505654,0.001760801,5.216948461543476,2.8895729848075775,88.99996685952291,46.489264537601045,76,67,1
5.5743367698266235,5.175093789729358,5.577737300886939,5.179180896466689,-8.703969146,-7.339842272,11.571129744949863,11.055287816465734,3,3,0.7103774033227155,0.6384140896283842,-0.000959008,-0.001493537,4.451263720080408,4.140738699123181,55.409437459171805,49.79629899101397,70,71,1
8.028719485633676,7.303552704,8.05604344,7.319556463,-11.81457246,-11.10565902,14.56405582715454,13.041638598775991,3,3,1.0160955829013678,0.9089887723340124,-0.006323326,-0.006047327,7.021304502851235,6.3728768314865984,84.33593338081353,75.44606810372304,76,77,1
6.097944847,5.287720214549461,6.139231564076221,5.336556971939493,-10.69009246,-11.2326883,10.883142619200834,8.261666642883183,4,5,0.9820705418631923,0.9333834316717473,-0.032329476,0.004381926,5.149328378192477,4.354997337886908,74.63736118160261,70.93714081,74,73,1
5.603105449,5.164502929535824,5.616196452835435,5.184166471247508,-9.59837922,-8.462588972,10.853911788283417,10.520751596662882,4,4,0.8530320964791159,0.8080634982378668,-0.000366834,-0.00120007,4.574880174422243,4.192891294632733,66.53650352537105,63.02895286255361,73,71,1
5.902508543514632,5.435095157439109,5.963607517,5.508825421317938,-8.902634064,-8.458504669,10.93305667326198,9.854619109849253,4,4,0.876506426,0.818532226,0.001396471,0.000889787,4.8427118801495865,4.480092148585257,57.849424105904575,54.02312691981308,58,57,1
6.4627455174186865,5.901456109390522,6.467032089062567,5.902628745995142,-9.846000384,-9.026957514,10.24980935449972,9.704764278305479,4,3,0.9538339057440639,0.8752022040032252,3.969843302216383e-05,-0.000396984,5.529125369304094,5.055772009115878,68.67604121,63.01455868823221,65,66,2
6.048944022265026,4.751378262633907,6.092319449988763,4.775360354228441,-10.90778298,-11.41088948,8.972211277044982,5.349189201811151,3,4,0.9615865228147169,0.607215377,-0.037406893,0.002963354,5.303602207380756,3.5841822745878833,72.11898921110377,45.54115329345203,72,66,1
5.3023762113093165,5.2293888078577435,5.308769210356293,5.235270791420549,-8.726508315,-8.955448572,9.72668127,9.32674928,3,3,0.7101001444758697,0.6902339334631111,-0.000647997,-0.000683997,4.308390604,4.254140512033376,48.28680982435914,46.935907475491554,61,63,1
4.346944341266192,4.071839539755387,4.420202796401303,4.140943495902875,-8.531010764,-7.800378201,9.54593896,9.225438678678222,3,3,0.6210672989066688,0.5922231482936116,0.000866127,0.000887917,3.339149021339475,3.0399549612775045,46.580047418000156,44.416736122020865,60,58,1
5.985895462820352,5.857311424591619,5.988316656519515,5.858221206451649,-8.897295706,-9.005659954,11.617330925181722,11.225266344916033,3,3,0.8087438624511083,0.7682280867311371,-0.001028907,-0.001114142,4.818601899264224,4.711738303455522,54.18583878422426,51.471281810986184,62,61,1
3.1638660461307704,2.9960312345603834,3.167268816993217,3.0022725878722767,-5.521827159,-4.854872169,6.371330612179241,6.159694638997738,3,3,0.4517070519291376,0.4337693473707245,-0.001193288,-0.000767114,2.5143541136448593,2.3970111588012704,30.26437247925222,29.06254627383854,59,57,1
3.8563507030844564,3.588465360984199,3.975868105303726,3.7290403677081962,-7.041909843,-6.413562389,5.681025185,5.282052132001224,5,3,0.539581813,0.5109311599940924,0.001034995,0.001017252,3.293763127336643,3.128107642971249,37.23114506340286,35.25425003959238,51,52,2
3.2088093653873058,3.1795594365027084,3.2785458074327103,3.246296028918657,-5.174407818,-4.946310325,6.192554401405226,6.623819189503511,3,3,0.510733544,0.4807507116564267,-0.001023806,-0.001504938,2.8219683229118258,2.8332671173099153,37.28354871,35.09480195091915,59,61,1
3.977776003457598,3.6928504739768506,4.042724006454141,3.7661102444880132,-4.750614279,-4.542941923,8.786748108686176,8.040879581265834,3,3,0.478816419,0.4433090364739679,-0.003084285,-0.002639237,3.409140790197303,3.1898176518396655,37.82649713,35.021413881443465,65,67,1
5.006281123972483,4.936457279,5.022848500329324,4.952919178393855,-10.8271667,-10.67238662,7.045617712280452,6.639295041147647,3,1,0.6630756895681771,0.6253536705833598,0.00228828,0.002401188,3.701730074590724,3.6896941784020054,35.80608723668156,33.76909821150143,49,49,1
4.519506586880212,4.442531223073284,4.639950964386436,4.569313464885043,-9.560370924,-9.409302196,7.935317946059364,7.683363262553061,5,5,0.6882077954482734,0.6873982139785704,0.000952762,0.0010832,3.4828899414769166,3.4417458602505504,49.550961272275686,49.49267140645706,62,64,1
12.444871043883278,9.035417259903872,12.795226759552255,9.408407399,-27.57678528,-17.67216756,16.64055388797385,14.328846997492173,1,3,1.7383142342994233,1.1005747243590411,-0.085175824,-0.002988725,10.730314636635965,7.805193584550507,125.15862486955848,79.24138015385097,71,65,1
19.295578617028752,19.128654142929545,19.306621242577982,19.140761648034324,-39.44717408,-39.10205214,30.574865357216595,30.26516145947149,1,1,2.0727580490792334,2.0443604791460546,-0.011749378,-0.011930138,15.330038088214016,15.240252631962077,145.09306343554633,143.10523354022382,67,66,1
11.984247476728154,11.931480835715968,12.24416398555016,12.183899168337827,-24.15367492,-23.95658702,23.048000140572647,22.783212048876084,1,1,1.046467253446219,1.0217108479041834,0.009447645,0.009314954,9.679675583437984,9.617505092739895,80.57797851535886,78.67173528862213,75,73,1
4.284193997905406,4.151481703913704,4.439842942231888,4.310455217948695,-8.967252457,-8.959206419,7.305812122,6.720472922062938,5,5,0.7258091877473151,0.7080595650030275,-0.000980521,-0.000495708,3.3757667079727667,3.2627048979928794,54.43568908104863,53.10446737522706,63,63,2
3.3415508559117195,3.073960158322837,3.4145776404569266,3.1745444308365114,-7.767226996,-7.33379635,3.1281842745321202,2.7168238204799744,2,2,0.44601551113438637,0.41112907430340445,0.00255926,0.001942027,2.5887339389857393,2.3463316913804477,24.084837601256865,22.20097001238384,47,44,1
4.988218503092672,4.792575970054913,4.992933243393322,4.796806731672589,-8.665871024,-8.220656517,8.684726647,8.379631810559676,3,3,0.5885602395907248,0.5589360679143381,0.00106134,0.000880687,3.7733212586921097,3.6296003498621427,31.782252937899138,30.18254766737426,44,43,1
8.411912907183686,7.6555672706006295,8.554744693252104,7.783075459287888,-17.35194401,-15.64895189,13.523469845555823,12.215961000140076,4,4,1.3129979633512499,1.180954677576384,-0.002675064,-0.002174627,6.997141663889405,6.411994086818917,118.16981670161249,106.28592098187455,85,86,1
9.409059147312947,8.662961824845876,9.586298288341622,8.820102034736921,-12.18216547,-11.06211485,18.36617547389974,16.993912928259597,3,3,1.2518033982165975,1.1701759968688237,0.000888214,0.000692506,7.566976416351672,7.000041641152677,67.59738350369626,63.18950383091648,48,48,1
8.515446329,7.663157360737873,8.561582328417064,7.703964039525412,-18.65139649,-16.8917712,9.389483749224208,8.820378099419845,5,5,1.1090598023451463,1.0364209911252846,-0.001460182,-0.002215448,6.658780513780465,5.977388397118956,80.96136557119569,75.65873235214578,67,68,1
9.449029201144945,8.523879849,9.461560506422694,8.543768394548172,-13.48542297,-11.86225966,17.50473340572459,16.263028313960664,3,3,1.3304852380515353,1.1878567617530387,-0.004102905,-0.003552967,7.912463355619639,7.081648483680932,87.81202571140133,78.39854627570055,64,61,1
8.493334229629188,7.662800258397533,8.499161985290234,7.674088175219424,-17.80850172,-15.85740237,11.408677022574608,11.015356887476718,2,2,0.9341197813817667,0.8802242101597947,0.002123066,0.001395916,6.840502118505037,6.1093676103815815,71.92722316639603,67.77726418,73,71,1
9.030200229,7.909377562002316,9.163745189237343,8.057805824172751,-15.49871865,-14.36133334,16.03216016645039,14.111541398135502,4,5,1.465288468661703,1.2387539552007059,-0.014269129,0.005586212,7.612530370878514,6.426482351345991,108.43134668096602,91.66779268485223,71,69,2
8.770385136202249,8.068236266185215,8.847824630537797,8.127135269368603,-16.05404679,-14.92629481,15.029421976956046,13.933806569740408,3,3,1.1786956819546432,1.0721121142130217,0.001241994,0.000827996,7.403075398844005,6.728368129428033,90.75956751050754,82.55263279440267,71,69,1
8.261221295524457,7.6693227984979355,8.262106271211607,7.669327134424268,-15.11534086,-13.41189208,15.969390233526562,14.655077601608012,7,6,1.315854986771247,1.248921549700862,-0.015868405,0.002920733,6.533610698296395,6.230188310474915,118.42694880941222,112.40293947307758,84,84,1
9.316154925593194,8.299827135926307,9.342533059265048,8.317703960495605,-18.28209671,-16.29950047,12.712456824356405,11.011097542440623,3,3,1.1758053219022329,1.0276612881352045,-0.004843209,-0.004865894,7.764451665,6.915353327810749,84.65798317696077,73.99161274573473,68,69,1
8.600329801,7.242930465662528,8.605061866551013,7.2490331586142736,-11.40773126,-11.07476701,18.47265649681264,15.953374534941554,4,5,1.2932538907791462,1.1109552578352222,-0.01805031,0.005696612,7.0873387121552485,5.675485792389933,95.70078791765683,82.21068907980644,72,71,1
8.570551532435918,7.812892271167146,8.636592543553968,7.862828984978785,-15.05578161,-13.34092547,16.192716436367775,15.107853600256652,3,3,1.3113749649556408,1.142551452887345,-0.00600035,-0.005214278,7.243824762642628,6.627891685451306,102.28724726653998,89.11901332521292,73,76,1
8.537126966389438,7.628821587528475,8.590704265874635,7.678944190174264,-19.67783125,-17.70691017,8.613948938014437,7.5686245197218485,4,4,0.9737927503098345,0.8603291524975434,0.003710648,0.003679982,6.693967230658105,5.944834256046777,77.90342002478675,68.82633219980347,71,69,1
8.726624744266626,7.903455172230588,8.752888273945187,7.939099091105688,-14.32460412,-13.2834183,14.076459533185574,12.648518781896335,2,2,1.0772400984039923,0.9844028331003959,-0.003673291,-0.003417365,7.188992869957331,6.481762477339254,58.17096531381558,53.157752987421375,50,50,2
8.960148377,8.132271565715604,9.053376011,8.229201440180642,-13.3136941,-12.38149954,16.60958833839359,15.079199459920613,4,4,1.3275549806074372,1.2198180529571498,0.00226516,0.002022676,7.374490113048874,6.666440773234711,91.60129366191316,84.16744565404333,65,64,1
6.4585416787932965,5.713610619917667,6.463355840927965,5.716864132287092,-12.30800135,-10.7854097,10.808071946743034,9.983262887053849,1,2,0.7366130769679317,0.662379759,0.003400697,0.002454416,5.180059913063814,4.526624052878321,50.826302310787284,45.704203368212674,65,64,1
5.358739579114047,4.537761197130631,5.360475235410302,4.537975734,-6.99899697,-6.107182941,9.757535190657222,8.327500625180063,2,2,0.7322346544484426,0.6372513952200619,-0.002687223,-0.003387256,4.524875278555226,3.8387993710850306,39.54067134,34.41157534188334,51,49,1
4.200445912018292,3.3902794593661123,4.207037651424377,3.4026757516148387,-4.89026165,-4.121191022,10.015265300688569,7.997581584195388,2,2,0.5356073754697962,0.4620508255642943,-0.003372455,-0.002818907,3.3748057977436647,2.7410187322215105,47.13344904134206,40.66047265,82,79,1
4.416872117546981,3.861749045562719,4.441041109427248,3.883944371067455,-8.928284393,-7.762806472,6.111647573888218,5.293385350403895,3,3,0.6508949040273303,0.550495585,-0.001979663,-0.001234467,3.503083938661421,3.0551921553694013,35.14832481747584,29.72676159698954,47,44,1
3.7441521945959995,411.5019127204517,3.866509431532509,411.90099596761866,-7.500305234,-402.9479643,7.013751767707815,1177.2569579837912,6,1,0.7091894930061403,53.01752109718716,0.000913231,4.443884375935902,3.0544558298251485,292.96622682398373,47.51569603,3552.173914,59,67,1
4.699823824982553,3.982974167663879,4.734834611161386,3.999460793988081,-5.794591562,-4.96246654,10.158801288148553,8.544571728684604,4,4,0.8626050420777435,0.7270494403618355,-0.003405467,-0.003338693,3.817235761306087,3.212797109,52.61890756674235,44.35001586207196,58,56,2
4.038086243948167,3.510086872396432,4.134029873267149,3.6067005513229295,-8.29679127,-7.08680787,6.2248687890440575,6.015239510043701,4,4,0.718304851,0.6208006836639464,0.001216119,0.000905621,3.2889360196470765,2.897499629364196,45.25320561398368,39.11044307082862,54,53,1
9.703439644522275,9.264436467,10.008555499915945,9.553847876,-17.69491774,-18.32760701,15.334010151829267,14.54708525440222,3,3,1.253534608800567,1.1930643416561237,0.008018487,0.007377879,9.059755175,8.616047236969939,117.8322532272533,112.14804811567562,92,90,1
11.175902524397848,10.56542780001356,12.03954032009397,11.467261784233667,-28.11722875,-27.06049499,13.997340048856378,15.852884180541807,4,2,1.8244163855571356,1.6519384651287279,0.004829976,0.004919976,9.056183586709503,8.540192680623493,124.06031421788522,112.33181562875349,64,65,1
13.838359150997745,13.987046612420198,13.893066356275941,14.02834738056485,-22.66838072,-21.44318816,23.00821715607282,24.332479187629396,3,3,1.6041269364921493,1.5387943358090486,0.00998195,0.010625947238932829,11.596846371097294,11.557883120349212,113.89301249094261,109.25439784244244,68,69,1
15.094249953934614,15.58846405112435,15.156960333523404,15.633830268767927,-22.09434681,-20.98183397,22.784131757115286,24.12952875139566,1,1,1.3988081861430837,1.3525969889925487,0.00815576,0.009014805,13.051732541197074,13.663503013489457,110.50584670530361,106.85516213041134,73,75,1
10.157230662477383,9.616242442173561,10.15924374900398,9.619894444566949,-20.39834136,-19.26032097,13.613090853484874,12.103514679127365,1,1,1.0540664588428503,0.9724190852945648,0.004456123,0.003725981,7.947027636441863,7.689195216475784,56.91958877751392,52.51063061,48,51,1
4.394084172666354,4.1584713946753595,4.457439744801108,4.196026652431309,-8.887706384,-7.978199838,7.964628198784099,7.1662698679709464,3,3,0.6703214248871061,0.6255362286820487,0.003599982,0.003389983,3.6387575807754464,3.518278106,45.581856892323216,42.53646355037931,58,64,2
8.61241334,7.643080316653073,8.615569962307273,7.64496255,-14.33745393,-12.63896415,15.05238468338347,14.08819042182263,3,3,1.376268829680155,1.1916330813325708,0.007419106,0.007478249,7.351833340178653,6.446300561969968,85.32866744016961,73.88125104,60,59,1
5.984602465822026,5.705740829784923,6.010875221,5.726508753242132,-8.663116371,-8.078789697,11.807791266332003,11.229739767193248,3,3,0.8310482042091389,0.7519406541340413,-0.005246483,-0.004862594,4.7671412821760315,4.554001914164216,44.876603027293505,40.60479532323823,50,52,1
6.117653243639525,5.871394506063363,6.592177142146688,6.325530375721808,-14.27917705,-13.56183323,6.792179085006547,6.905988821532998,5,4,1.0966631285149122,1.0548479327754479,-0.000119181,0.000301089,5.169197834821511,4.988354633230604,71.28310335,68.56511563040411,57,59,1
4.826435669320239,4.409434819049729,5.0123008544524925,4.589743264635966,-9.450413428,-9.181105186,10.408692243255308,9.410973197225099,5,5,0.8903252176658822,0.8135573684472767,0.001922538,0.001814786,3.980909977406509,3.659858935615714,64.10341567194352,58.57613052820392,66,66,1
5.150086984244458,4.667311482895447,5.202936885353915,4.7196519792538725,-8.564689901,-8.022686155,9.052534304,8.037179205624671,2,2,0.7688088368518186,0.6977249119935315,-0.001241994,-0.001407593,4.337874561878783,3.911638067214541,41.51567719,37.67714525,48,48,1
4.596702639116028,4.120979579013688,4.605205051,4.134231015785034,-7.92967799,-7.230785607,7.063460239116276,6.484310877111952,3,3,0.7176786916507979,0.6421368552444716,-0.000797996,-0.000809996,3.927869189048675,3.502553221744029,48.80215103225426,43.66530615662407,63,61,1
4.7958833038008555,4.727325341453825,4.888200611871002,4.807659281884968,-7.678861361,-7.473696399,11.322672191085735,10.70417708578826,3,3,0.6518708648623456,0.6020021178833409,-0.002202469,-0.002472948,4.1135675473024635,4.039379441489129,48.23844399981357,44.54815672336723,68,64,2
5.243418095478853,4.966342156854331,5.308022653,5.035150225456352,-9.44437675,-8.805375329,8.501073240152108,8.079847150682028,3,3,0.7187524905644308,0.6877594735836446,0.003061252,0.002583114,4.385066687470721,4.186535769864462,50.31267433951016,48.14316315085512,62,64,1
3.5368079935369683,3.500048716000158,3.641905510729679,3.604990757237166,-7.09459309,-6.968019265,6.881869600527239,7.1960374234659295,3,3,0.633738495,0.6154176352732581,-0.00200099,-0.001474084,2.910937971016445,2.8680580575737316,41.19300219278777,40.00214629276178,55,53,1
3.689435065159781,3.638008801158311,3.826606510135045,3.780466185568929,-6.531169679,-6.729709963,6.998802475991315,6.809613586386425,3,3,0.6352158610158892,0.6292149885683778,-0.00246545,-0.002341869,3.1675001438224384,3.128292292251879,41.92424682704869,41.528189245512934,60,60,1
11.801837417849331,3.8156319130303857,11.803405777332422,3.829349808,-32.51075875,-6.442990662,11.647870755862076,7.1738963484201514,3,5,1.4639446039859156,0.6040136678284028,-0.123432928,-0.000436376,8.572965582082302,3.125406695626561,106.86795609097184,44.092997751473405,71,64,1
5.858145880954174,5.839699449005898,5.858371077524247,5.839708001642406,-10.79120823,-10.74105581,9.833200947,9.746156865,2,2,0.6859596696131838,0.6669826254514023,0.000722854,0.000578283,4.467387676877646,4.451407568066731,42.529499516017395,41.35292277798694,53,47,1
3.4253983581808174,3.5732588048745995,3.552484746007162,3.7032557837970104,-6.595139686,-6.945719959,5.849675569,6.3078664743070645,4,4,0.5897156899870841,0.6116030620278797,0.000267881,0.000225264,2.871134896329206,2.9932059601784875,39.51095122913463,40.97740515586794,55,56,1
3.900420179598841,3.9291926657716743,3.9105063903249926,3.940654194830786,-5.54641562,-5.617641823,8.278210391920732,8.321747330311645,3,3,0.5682514166997168,0.5738848223703434,-0.001601518,-0.001666886,3.2283657273235455,3.2441624578324366,42.61885625247876,43.041361677775754,69,69,1
3.4432067337476746,3.3654664255104416,3.5239950429189446,3.4533239024611895,-5.075759136,-4.929770449,5.884924207332272,5.731282553891674,3,3,0.6056587542815228,0.5915164093258242,-0.003419316,-0.003587982,3.015757756835828,2.967242047942913,32.09991397692071,31.35036969426868,48,48,2
4.423177416888579,3.7375355805614165,4.597619968569535,3.876463070403611,-8.280572522,-6.599015179,9.282511091438902,7.883578500276361,3,3,0.7807680862175068,0.619675362,-0.004516341,-0.004237834,3.742664308064057,3.119041025854292,42.16147665574537,33.46246954418695,51,49,1
4.942795348345682,4.035356417496304,4.948111191398257,4.036006485719368,-7.768088239,-6.425621384,8.410326173530185,7.3058949685469985,3,3,0.7764066686062816,0.6107409026936671,-0.00405598,-0.003113985,4.296218016416516,3.434485514985318,52.79565346522715,41.53038138316936,63,62,1
6.615846221841189,5.762209214437633,6.643700949326018,5.817117855003666,-11.14192049,-10.34716067,10.732840495683444,8.685484853820867,2,3,0.8666361271337897,0.7544076090156685,-0.001640937,-0.002386134,5.380275428925096,4.660604079971395,46.79835086522464,40.73801089,48,49,1
4.973067054378706,4.036313463549677,5.0637720219364475,4.118158548787315,-8.105820185,-6.837330926,8.217783690209432,6.664041974181683,4,4,0.8294581741698467,0.6862588304704853,0.002607569,0.002026736,4.234993775723528,3.4329553121141343,54.74423949520988,45.29308281105203,61,62,1
4.223599421095983,3.2271489705658163,4.249766506296282,3.2410701028932345,-5.659977223,-4.311023755,8.825416494232948,6.866870859396513,4,4,0.7689110351487014,0.576052171,-0.001291426,-0.001359396,3.506228841474113,2.652634481536064,50.74812831981429,38.01944330007753,61,59,1
4.317435142662263,3.428306902322692,4.397852792358479,3.481064843928425,-6.981837521,-5.214919053,7.1118512944778525,6.018178253664833,3,3,0.8296986135575232,0.6623806211233396,0.003665764,0.002965731,3.7820446408462964,2.9881255274643976,44.80372513210625,35.76855354066034,49,49,2
5.524432083472849,4.738506059653538,5.595792296052594,4.8229228201779195,-9.602873454,-8.687124774,10.257199674355501,8.433538945810986,3,3,0.7424208915186459,0.6283283280780726,-0.004950482,-0.003650179,4.527409281224278,3.925388241895736,51.96946240630521,43.982982965465084,64,59,1
8.658206248840878,7.282005994931757,8.658283137558415,7.282075914464785,-14.36325447,-7.654142284,18.88575931331767,17.016052866084813,3,1,1.0384878292723874,0.7349034374529831,-0.03764454,-0.004261252,6.7599912838499305,5.8095991647416465,101.77180726869396,72.02053687039235,97,89,1
7.472513012441051,6.885054883107597,7.578724166534872,6.972734452385584,-10.64227917,-9.554001669,14.939559255994585,13.848807705037796,3,3,1.1726898341397987,1.0580773680689486,0.002566787,0.002182898,5.966934380014046,5.445321876781172,63.32525104354913,57.13617787572322,51,49,1
9.771106850019287,9.387085055866487,9.84219084,9.462531360731832,-17.93783014,-17.18233322,17.557143752714545,16.79232128702095,3,3,1.3129376003651763,1.2141377254845285,0.00193405,0.000994831,7.6438093992875915,7.274800675,86.65388162410163,80.13308988197888,59,55,1
8.602772758,7.921024958026634,8.706989782763822,8.018025498510983,-16.02444531,-14.76170196,13.465278135795218,12.325434497966638,3,3,1.2229892703473535,1.1201034859220809,-0.004709977,-0.004649977,7.358859764344119,6.785046025186208,83.16327038362004,76.16703704,66,65,1
7.488653033543846,6.9460865014009805,7.4977092462311505,6.955469417299263,-13.23858449,-12.38037243,14.12797286820251,13.199429354704826,4,4,1.197231573875745,1.1036504157958034,-0.002843192,-0.002264812,6.033455549470943,5.562333061807942,80.21451544967492,73.94457785831882,61,62,1
6.631475881975845,6.263356639734397,6.733302572718619,6.345812425476531,-10.04454995,-9.410336435,13.358436978471817,12.614402602561531,3,3,1.1481896718262792,1.0604494563638387,0.003387256,0.003056058,5.458198774032581,5.106212756237314,62.00224227861907,57.264270643647286,52,50,2
5.533827961408368,5.0537494087688835,5.657472271,5.155069271828214,-9.434254041,-8.447849319,11.458002807412395,10.532312151420594,5,5,1.0740954596444192,0.9763239911772597,0.003167984,0.003335983,4.5791940554280375,4.170608544658834,73.03849126,66.39003140005366,64,65,1
5.936727183,3.5768081939249146,5.936819522818017,3.577860167620328,-13.69644633,-4.031393101,10.79697409780656,8.514023817680844,6,5,0.8937121201068002,0.49766629782251703,-0.039068592,0.001789063,4.454595252748023,2.7972745520488114,74.17810596886441,41.30630271926891,82,74,1
4.847680905626628,4.430001718884789,4.852664583936853,4.430117603941476,-8.388933162,-7.862531448,8.642406132072981,7.7141913917233165,3,3,0.7651907719725826,0.6616731540269734,0.0018517,0.001294684,3.8499115911129986,3.446157512914991,41.32030168651946,35.73035031745656,50,48,1
6.911318648060461,4.514748768983114,6.913386957381607,4.5220998925181455,-13.59021642,-7.180210501,12.091515248335439,9.451379022436923,4,4,0.944396762,0.6597703093495225,-0.043895444,-0.002734719,5.441303739771039,3.5470695547555513,66.10777335292333,46.18392165446657,68,64,1
3.287052692788207,2.706845595216461,3.3317311965879646,2.756461929148192,-6.326761786,-5.022075878,5.022822237123124,4.339602822286051,2,2,0.4596290452179238,0.39328328044711114,0.002470633,0.001869668,2.8415085224380703,2.352871765623357,28.037371758293354,23.99028010727378,50,49,1
3.3176893558844984,2.7776652303062637,3.389291938,2.8412932738579317,-5.902631856,-4.7527551,6.251904567,5.684784571113946,4,4,0.5170425080514768,0.4329141230938364,-0.001607286,-0.001455081,2.7492399704184227,2.261130561780038,34.641848039448945,29.00524624728704,57,53,1
3.7057212875815497,3.270815198682052,3.7608400936010407,3.303062483206802,-5.582557511,-4.775865194,7.366785510658832,6.545934044463765,3,3,0.6172570689403757,0.5226060293656121,0.001603301,0.000812941,2.9990320211476846,2.585867417281507,33.33188172278029,28.220725585743054,48,46,2
3.085432922781283,2.6518413488293366,3.130009744598849,2.6852670261198917,-6.428508407,-5.333907439,6.251678166241814,5.373807256902031,5,3,0.5033896679693893,0.41740828105341826,-0.002239087,-0.002075821,2.412086632473599,2.101489985,35.23727675785725,29.218579673739278,60,59,1
5.4600641429494585,4.135124099940052,5.464169226985164,4.136975934025726,-8.025742105,-5.581204349,9.365284785635003,8.085869165895216,2,2,0.6962885310856467,0.5206184809054806,-0.026195386,-0.001569186,4.745436052850381,3.4360216092295177,42.47360039622445,31.757727335234318,57,53,1
4.951942516,4.722950195834882,4.985815981832929,4.752063759388769,-8.637268706,-8.030895619,8.672088797752368,8.306040636,3,3,0.6675140167067379,0.6235550020466639,-0.001666607,-0.001847068,4.2180664205385625,4.024032753,51.39857928641882,48.01373515759312,72,69,1
4.167707946272348,3.5709043693781615,4.231613455338234,3.639122544232634,-7.456770992,-6.348957076,5.898572338575122,4.954598762928716,2,2,0.5240144563098992,0.4385284706882475,-0.002024826,-0.001934499,3.4498637352844437,2.961934862008364,28.296780640734553,23.680537417165365,47,47,1
4.7028093128788715,4.184805218462297,4.704297126778032,4.184882851,-5.560529749,-5.451665117,9.745365016695182,8.485111156,2,2,0.47724923019197535,0.43268024399536326,-0.001169264,-0.000430782,3.8052986665741595,3.4001251637075876,34.8391938,31.585657811661516,62,63,1
3.8491379893386886,3.281614351,3.8493917415179713,3.2868849864126135,-5.109303857,-4.411891317,6.727603046290356,5.818040174006502,2,2,0.5307639366062736,0.47943207161338863,-0.003071112,-0.002762495,3.3050949965986547,2.8249778676858015,28.661252576738775,25.889331867122987,49,48,1
4.509721305359736,3.892472146870705,4.584234215846276,3.965605012,-8.261659377,-7.441112412,5.962456718351908,4.844542627070882,2,2,0.585400074,0.5188902277426648,0.001211885,0.001482865,3.8199143406177702,3.272511403062458,31.61160398781868,28.020072298103898,50,49,2
4.4392972424078225,4.298063352786095,4.512087310269128,4.353553316,-8.034827899,-7.817104851,8.714951797,8.132099641324952,4,4,0.6079916216189543,0.5401898819568612,0.000249616,0,3.5856995756529866,3.466152420813822,40.73543864846994,36.19272209,59,60,1
7.4934028522836265,7.360261650976806,7.754935502737197,7.638477823593306,-15.37623473,-14.97756388,12.95228031856001,13.173202074755368,3,3,0.9665302115947575,0.9248765201691277,-0.001174249,-0.001241994,5.7727347095519965,5.641570652,52.192631426116904,49.943332089132895,46,45,1
4.880687527881252,4.560511734312767,5.157901636944461,4.837886090650317,-7.323369023,-6.538102748,9.081181274272586,8.548642173202188,4,4,0.9085575616875513,0.867998159,-0.00114851,-0.00120193,4.159402296570738,3.903388038948308,55.42201126294063,52.94788768869081,52,53,1
2.5513620433151285,2.417610743489832,2.595667846005173,2.487960700973255,-3.9523245,-3.787075327,6.110409493544016,5.715203047534676,3,4,0.3938697011508282,0.37662051053410955,0.001024897,0.000146414,2.078703898490653,2.048992875,31.903445793217085,30.50626135326287,67,67,1
4.506093740812606,4.085633349968529,4.519364591758186,4.094052260222957,-7.958887098,-7.419041897,7.852380932120217,6.943378639872033,3,3,0.58145705,0.5210496331178812,-0.001604951,-0.001298706,3.7285540425411745,3.3670001736249984,41.86490756666839,37.51557358448745,66,64,1
11.885104948740844,3.8945807817881444,11.934779633137751,3.9330867591104686,-33.91542138,-6.542055648,11.841353175488862,7.324817961549592,3,3,1.514309104046924,0.40189173245346105,-0.123404507,-0.000888716,8.444289052,3.1672956609764364,112.05887369947239,29.739988201556116,73,63,1
11.347576270164152,4.212488614940907,11.347577152642058,4.241341193224684,-30.16842991,-8.005982086,16.52816788673051,6.456950471223033,4,3,1.7874791596280362,0.5569549055023936,-0.119476308,0.002536466,8.458941200913452,3.548341754500131,125.12354117396254,38.986843385167546,68,64,2
4.172438407,4.324377709816131,4.265263863986472,4.399670376147886,-6.895299757,-6.514666048,7.791948471245615,7.266889531554512,1,1,0.40851090519810174,0.37132236868665036,-0.000701997,-0.000725996,3.5708530452905975,3.7990391278819375,27.77874155347092,25.249921070692224,61,57,1
6.2470734526647815,5.879776749233256,6.303764411211181,5.944038426324535,-13.80486021,-13.3519467,10.315582090288443,9.254302525934008,4,4,0.9751482172521557,0.9261208350803265,-0.001749141,-0.001350668,4.903727393689225,4.604259592488916,77.03670916,73.16354597,71,68,1
7.394509980754414,6.964703776518672,7.447410240165156,7.020945464,-9.772155213,-9.40255157,15.031252562467362,14.681955063880453,3,3,1.0558052891803602,0.9882127036590981,-0.003565902,-0.003582462,6.241440535,5.757746320274182,78.12959139934665,73.12774007077326,69,71,1
6.793051055656252,6.589030950413731,6.907516779031964,6.694487009,-13.66809774,-13.10158521,8.207944890077513,7.933996772791858,3,3,0.965004968,0.9317084014012456,-0.002386134,-0.002438824,5.435444191708977,5.309712677183917,52.11026828189706,50.31225367566726,47,47,1
9.124787825038437,7.476495300939138,9.127698806096717,7.482777113646832,-15.08045163,-8.049861652,18.55913353983801,16.05977413171289,2,2,0.9663803321369948,0.7135946909748295,-0.044701025,-0.003677592,7.366349324,6.131196509874019,73.44490524241161,54.23319651408704,72,68,1
5.906464120279751,5.544571285243642,5.985857603957563,5.628979658537749,-14.04727634,-13.30987624,7.802537906609353,7.275611507778981,4,4,0.7816024024389958,0.7482603541465813,0.002606064,0.002308835,4.523009061197347,4.217487103316616,60.183384987802675,57.61604726928676,65,65,1
6.992461866154676,6.784916090864144,7.110477892752338,6.891684515232976,-11.26123204,-10.78812711,11.77461748428044,11.820602937443773,3,3,1.0791990040106696,1.0342084671223266,-0.006289366,-0.006209969,6.2217872988917104,6.037776801715806,77.70232828876821,74.46300963280751,66,68,2
11.191868931679892,6.609126706880599,11.206955146493977,6.609917503836747,-22.92474932,-12.30537478,15.066766369001705,11.251692513456353,3,3,1.8044586162476306,0.8980229117819206,-0.081597023,-8.54E-05,9.549611243031915,5.205871724045452,111.8764342073531,55.677420530479075,60,55,1
